{
    "buildCommand": "npm run build",
    "outputDirectory": "dist/static",
    "headers": [
        {
            "source": "/(.*)",
            "headers": [
                {
                    "key": "X-Frame-Options",
                    "value": "SAMEORIGIN"
                },
                {
                    "key": "X-Content-Type-Options",
                    "value": "nosniff"
                },
                {
                    "key": "Referrer-Policy",
                    "value": "strict-origin-when-cross-origin"
                },
                {
                    "key": "Permissions-Policy",
                    "value": "camera=(), microphone=(), geolocation=(), interest-cohort=()"
                },
                {
                    "key": "X-XSS-Protection",
                    "value": "1; mode=block"
                },
                {
                    "key": "Content-Security-Policy",
                    "value": "default-src 'self'; base-uri 'self'; object-src 'none'; frame-ancestors 'self'; img-src 'self' data: https:; font-src 'self' data: https:; style-src 'self' 'unsafe-inline' https://fonts.googleapis.com; script-src 'self' 'unsafe-inline' https://www.googletagmanager.com https://www.google-analytics.com https://tagmanager.google.com https://analytics.ahrefs.com; connect-src 'self' https: wss: https://analytics.ahrefs.com; worker-src 'self' blob:; upgrade-insecure-requests"
                },
                {
                    "key": "Strict-Transport-Security",
                    "value": "max-age=31536000; includeSubDomains"
                }
            ]
        },
        {
            "source": "/assets/(.*)",
            "headers": [
                {
                    "key": "Cache-Control",
                    "value": "public, max-age=31536000, immutable"
                }
            ]
        },
        {
            "source": "/:path((?!assets/).*)",
            "headers": [
                {
                    "key": "Cache-Control",
                    "value": "no-cache, no-store, must-revalidate"
                }
            ]
        }
    ],
    "trailingSlash": false,
    "cleanUrls": true
}